0,The Lost Art of Attention to Detail,https://medium.com/@abowen_48419/the-lost-art-of-attention-to-detail-f1363f8a7215?source=topic_page---------0------------------1
1,Beat Procrastination Once and For All,https://medium.com/@kenyamitchell/beat-procrastination-once-and-for-all-ff80e029595c?source=topic_page---------1------------------1
2,How to Finally Make Something,https://medium.com/@scott.stevenson/how-to-finally-make-something-a16c8db7ba2a?source=topic_page---------2------------------1
3,"How to make working from home, work for you",https://medium.com/@holliebradbury29/how-to-make-working-from-home-work-for-you-fb0c1ce3db26?source=topic_page---------4------------------1
4,You are great at your job- stop letting your boss hold that against you.,https://medium.com/betterism/you-are-great-at-your-job-stop-letting-your-boss-hold-that-against-you-1564b47de5e9?source=topic_page---------5------------------1
5,What If You Started Your Work With… Rest?,https://medium.com/@martabrzosko/what-if-you-started-your-work-with-rest-c1c313a2d8a2?source=topic_page---------6------------------1
6,There Is No Single Definition Of Productivity,https://medium.com/swlh/there-is-no-single-definition-of-productivity-80184494a78b?source=topic_page---------0------------------21
7,7 Simple Ways To Work Smarter And Become More Effective,https://medium.com/personal-growth-lab/7-simple-ways-to-work-smarter-and-become-more-effective-788f05469470?source=topic_page---------8------------------1
8,How Checklists Can Help You Quickly Learn Anything,https://medium.com/@tomhughesw/how-checklists-can-help-you-quickly-learn-anything-e1b19f7b06a6?source=topic_page---------9------------------1
9,How to Use Your Notebook to Manage Being Right-Brained,https://medium.com/the-1000-day-mfa/how-to-use-your-notebook-to-manage-being-right-brained-27ffc50ebd15?source=topic_page---------10------------------1
10,Motivation Over Discipline,https://medium.com/@artofmanliness/motivation-over-discipline-1803dedb5bc4?source=topic_page---------11------------------1
11,How a Reading Workflow Saves Me Time and Anxiety,https://medium.com/@jerrybrito/how-a-reading-workflow-saves-me-time-and-anxiety-2ea10b40ec71?source=topic_page---------12------------------1
12,Your Unpredictable Daily Schedule Might Be Wrecking Your Estimates,https://towardsdatascience.com/your-unpredictable-daily-schedule-might-be-wrecking-your-estimates-efa6e37d9d0f?source=topic_page---------13------------------1
13,Defrag Your Calendar,https://medium.com/@vigroco/defrag-your-calendar-cca0bbc7d7a9?source=topic_page---------14------------------1
14,Beat the Monday Morning Blues and get set for success this week,https://medium.com/lady-vivra/monday-blues-b0344de97e57?source=topic_page---------15------------------1
15,5 Reasons Why Your Productivity Sucks,https://medium.com/@jacobbain10/5-reasons-why-your-productivity-sucks-7b49257c103a?source=topic_page---------16------------------1
16,Unwitting mental time accountants,https://blog.usejournal.com/unwitting-mental-time-accountants-337aa1507965?source=topic_page---------17------------------1
17,Here Are 6 Ways To Start Your Week Off On The Right Foot,https://medium.com/@beckfeldt/here-are-6-ways-to-start-your-week-off-on-the-right-foot-4307a8edec8d?source=topic_page---------18------------------1
18,The 5 Most Effective Ways to Pick your Priorities for the Week,https://medium.com/@refinedliz/the-5-most-effective-ways-to-pick-your-priorities-for-the-week-344590a499bc?source=topic_page---------19------------------1
19,The Best Things In Life Are Self-Paced,https://medium.com/@ngoeke/the-best-things-in-life-are-self-paced-1f46309c4f81?source=topic_page---------20------------------1
20,Robert Boice’s Powerful Secret to be a Good Writer.,https://medium.com/the-post-grad-survival-guide/robert-boices-powerful-secret-to-be-a-good-writer-ec2781ad60d?source=topic_page---------21------------------1
21,Here’s How To Make Sure Your Virtual Meeting is Effective,https://medium.com/calendar/heres-how-to-make-sure-your-virtual-meeting-is-effective-afe01a541ff2?source=topic_page---------22------------------1
22,Massively Effective People Say No To These 3 Things,https://medium.com/@BryanJCollins/massively-effective-people-say-no-to-these-3-things-d7978dc18dc7?source=topic_page---------23------------------1
23,The 4 Communication Habits of Successful People,https://medium.com/@claymorgan/the-4-communication-habits-of-successful-people-bdfb21abdd67?source=topic_page---------24------------------1
24,Creating Space for Better Decisions,https://medium.com/@karylfowler/creating-space-for-better-decisions-2c11d97bf75b?source=topic_page---------25------------------1
25,"Hey Alexa, Make My Life Easier",https://medium.com/@arimeisel/hey-alexa-make-my-life-easier-eca76dba5cb8?source=topic_page---------26------------------1
26,Why You Should Do Less If You Want To Achieve More…,https://medium.com/personal-growth-lab/why-you-should-do-less-if-you-want-to-achieve-more-a5872c5a9942?source=topic_page---------27------------------1
27,This is My Exact Schedule For a Perfectly Productive Day,https://medium.com/swlh/this-is-my-exact-schedule-for-a-perfectly-productive-day-54faad66b9ee?source=topic_page---------28------------------1
28,Finding Value When Everything in Life is Important,https://medium.com/mind-cafe/seeking-value-when-everything-in-life-is-important-8967c9642276?source=topic_page---------29------------------1
29,This Is What To Do When Everything Takes Longer Than You Think,https://medium.com/@knobelman/this-is-what-to-do-when-everything-takes-longer-than-you-think-1a4206018d0?source=topic_page---------1------------------21
30,Why Hard Work Isn’t Enough… (The Big Lie About Success),https://medium.com/personal-growth-lab/why-hard-work-isnt-enough-the-big-lie-about-success-57f6b9f68957?source=topic_page---------31------------------1
31,Don’t B.S. Yourself: You Know Exactly How to Produce Your Best Work,https://medium.com/swlh/dont-b-s-yourself-you-know-exactly-how-to-produce-your-best-work-a5103c9e0289?source=topic_page---------32------------------1
32,The Science of Time Management,https://towardsdatascience.com/the-science-of-time-management-7297600e8a0e?source=topic_page---------33------------------1
33,The Procrastination Equation: There Are 4 Reasons Why We Procrastinate,https://medium.com/swlh/the-procrastination-equation-there-are-4-reasons-why-we-procrastinate-415fae2b9f25?source=topic_page---------34------------------1
34,"The Best Nootropics for Productivity, According to Two Nootropics Experts",https://betterhumans.coach.me/the-best-nootropics-for-productivity-according-to-two-nootropics-experts-394fb888596a?source=topic_page---------35------------------1
35,A Beginner’s Guide to Giving Performance Reviews,https://medium.com/@rebeccafishbein/a-beginners-guide-to-giving-performance-reviews-963aba23bd?source=topic_page---------36------------------1
36,Tame Your TBR Pile,https://blog.usejournal.com/tame-your-tbr-pile-a62956985e?source=topic_page---------37------------------1
37,Jim Collins’s Secret Formula for High Productivity in Creative Work,https://medium.com/the-book-mechanic/jim-collins-secret-formula-for-high-productivity-in-creative-work-f09349b07cd1?source=topic_page---------38------------------1
38,Seven Ways To Free Yourself And Make The Most Of Your Time,https://medium.com/@jrutkevich/seven-ways-to-free-yourself-and-make-the-most-of-your-time-f1934045d9e5?source=topic_page---------39------------------1
39,Why Hacking the System is Getting You Nowhere,https://medium.com/uncalendared/why-hacking-the-system-is-getting-you-nowhere-a79644611b2b?source=topic_page---------40------------------1
40,"Bullshit me not, Internet!",https://medium.com/@KittyHannahEden/bullshit-me-not-internet-e7ddd2cedea3?source=topic_page---------41------------------1
41,Remote Workers: How to Maximize Your Productivity,https://medium.com/the-post-grad-survival-guide/remote-workers-how-to-maximize-your-productivity-955fd1a32242?source=topic_page---------42------------------1
42,Why You Should Schedule Productivity Cheat Days,https://medium.com/personal-growth/why-you-should-schedule-productivity-cheat-days-4ca795130198?source=topic_page---------43------------------1
43,Telling People to “Work Hard” is Unproductive And Even Harmful,https://medium.com/@melissachu/telling-people-to-work-hard-is-unproductive-and-even-harmful-9e65a231a4e5?source=topic_page---------44------------------1
44,The Importance of a Morning Routine,https://medium.com/@neocody/the-importance-of-a-morning-routine-b64ec1b642f1?source=topic_page---------45------------------1
45,"The “10,000 Hour” Myth: Why Deliberate Practice Isn’t Enough for Success",https://medium.com/@melissachu/the-10-000-hour-myth-why-deliberate-practice-isnt-enough-for-success-71c72e3bdbc4?source=topic_page---------46------------------1
46,Our Favorite Remote Work Tools,https://medium.com/@kayla_23634/our-favorite-remote-work-tools-c6b3a6de920c?source=topic_page---------47------------------1
47,The Power Of Saying No,https://medium.com/@regina_72331/the-power-of-saying-no-c1fa1ab082?source=topic_page---------48------------------1
48,"A Decision Making Checklist That Works With Your Emotions, Not Against Them",https://betterhumans.coach.me/decision-making-checklist-4cb7ae6ccca6?source=topic_page---------49------------------1
49,How to Be Creative Under Pressure.,https://medium.com/the-post-grad-survival-guide/how-to-be-creative-under-pressure-d0dc2b6e22e?source=topic_page---------50------------------1
